x1,x2,x3,x4,x5,x6,x7,x8,x9,x10,x11
-100100.0,1.8336883034764817,0.0,-4166.666666666667,0.0,0.0,-100.0,4066.666666666667,-104141.66666666667,0.97,-83117.69285938391
-97155.88235294117,1.8336883034764817,0.0,-4166.666666666667,0.0,0.0,-100.0,4066.666666666667,-101197.54901960785,0.97,-78407.10462408978
-94211.76470588235,1.8336883034764817,0.0,-4166.666666666667,0.0,0.0,-100.0,4066.666666666667,-98253.43137254902,0.97,-73696.51638879566
-91267.64705882352,1.8336883034764817,0.0,-4166.666666666667,0.0,0.0,-100.0,4066.666666666667,-95309.3137254902,0.97,-68985.92815350153
-88323.5294117647,1.8336883034764817,0.0,-4166.666666666667,0.0,0.0,-100.0,4066.666666666667,-92365.19607843137,0.97,-64275.339918207435
-85379.41176470589,1.8336883034764817,0.0,-4166.666666666667,0.0,0.0,-100.0,4066.666666666667,-89421.07843137256,0.97,-59564.75168291334
-82435.29411764706,1.8336883034764817,0.0,-4166.666666666667,0.0,0.0,-100.0,4066.666666666667,-86476.96078431373,0.97,-54854.16344761921
-79491.17647058824,1.8336883034764817,0.0,-4166.666666666667,0.0,0.0,-100.0,4066.666666666667,-83532.84313725491,0.97,-50143.575212325086
-76547.05882352941,1.8336883034764817,0.0,-4166.666666666667,0.0,0.0,-100.0,4066.666666666667,-80588.72549019608,0.97,-45432.986977030974
-73602.94117647059,1.8336883034764817,0.0,-4166.666666666667,0.0,0.0,-100.0,4066.666666666667,-77644.60784313726,0.97,-40722.39874173686
-70658.82352941176,1.8336883034764817,0.0,-4166.666666666667,0.0,0.0,-100.0,4066.666666666667,-74700.49019607843,0.97,-36011.81050644274
-67714.70588235294,1.8336883034764817,0.0,-4166.666666666667,0.0,0.0,-100.0,4066.666666666667,-71756.37254901961,0.97,-31301.222271148625
-64770.58823529412,1.8336883034764817,0.0,-4166.666666666667,0.0,0.0,-100.0,4066.666666666667,-68812.25490196078,0.97,-26590.6340358545
-61826.470588235294,1.8336883034764817,0.0,-4166.666666666667,0.0,0.0,-100.0,4066.666666666667,-65868.13725490196,0.97,-21880.045800560372
-58882.35294117647,1.8336883034764817,0.0,-4166.666666666667,0.0,0.0,-100.0,4066.666666666667,-62924.01960784313,0.97,-17169.45756526626
-55938.23529411765,1.8336883034764817,0.0,-4166.666666666667,0.0,0.0,-100.0,4066.666666666667,-59979.901960784315,0.97,-12458.869329972149
-52994.117647058825,1.8336883034764817,0.0,-4166.666666666667,0.0,0.0,-100.0,4066.666666666667,-57035.78431372549,0.97,-7748.281094678023
-50050.0,1.8336883034764817,0.0,-4166.666666666667,0.0,0.0,-100.0,4066.666666666667,-54091.666666666664,0.97,-3037.692859383911
-47105.882352941175,1.8336883034764817,0.0,-4166.666666666667,0.0,0.0,-100.0,4066.666666666667,-51147.54901960784,0.97,1672.895375910215
-44161.76470588235,1.8336883034764817,0.0,-4166.666666666667,0.0,0.0,-100.0,4066.666666666667,-48203.431372549014,0.97,6383.483611204341
-41217.64705882353,1.8336883034764817,0.0,-4166.666666666667,0.0,0.0,-100.0,4066.666666666667,-45259.313725490196,0.97,11094.071846498438
-38273.529411764706,1.8336883034764817,0.0,-4166.666666666667,0.0,0.0,-100.0,4066.666666666667,-42315.19607843137,0.97,15804.660081792557
-35329.41176470588,1.8336883034764817,0.0,-4166.666666666667,0.0,0.0,-100.0,4066.666666666667,-39371.078431372545,0.97,20515.248317086676
-32385.29411764706,1.8336883034764817,0.0,-4166.666666666667,0.0,0.0,-100.0,4066.666666666667,-36426.96078431373,0.97,25225.836552380788
-29441.176470588234,1.8336883034764817,0.0,-4166.666666666667,0.0,0.0,-100.0,4066.666666666667,-33482.8431372549,0.97,29936.424787674907
-26497.058823529413,1.8336883034764817,0.0,-4166.666666666667,0.0,0.0,-100.0,4066.666666666667,-30538.72549019608,0.97,34647.01302296902
-23552.941176470587,1.8336883034764817,0.0,-4166.666666666667,0.0,0.0,-100.0,4066.666666666667,-27594.607843137255,0.97,39357.601258263145
-20608.823529411766,1.8336883034764817,0.0,-4166.666666666667,0.0,0.0,-100.0,4066.666666666667,-24650.490196078434,0.97,44068.189493557256
-17664.70588235294,1.8336883034764817,0.0,-4166.666666666667,0.0,0.0,-100.0,4066.666666666667,-21706.37254901961,0.97,48778.777728851375
-14720.588235294117,1.8336883034764817,0.0,-4166.666666666667,0.0,0.0,-100.0,4066.666666666667,-18762.254901960783,0.97,53489.3659641455
-11776.470588235294,1.8336883034764817,0.0,-4166.666666666667,0.0,0.0,-100.0,4066.666666666667,-15818.137254901962,0.97,58199.95419943962
-8832.35294117647,1.8336883034764817,0.0,-4166.666666666667,0.0,0.0,-100.0,4066.666666666667,-12874.019607843136,0.97,62910.54243473374
-5888.235294117647,1.8336883034764817,0.0,-4166.666666666667,0.0,0.0,-100.0,4066.666666666667,-9929.901960784315,0.97,67621.13067002785
-2944.1176470588234,1.8336883034764817,0.0,-4166.666666666667,0.0,0.0,-100.0,4066.666666666667,-6985.78431372549,0.97,72331.71890532198
0.0,1.8336883034764817,0.0,-4166.666666666667,0.0,0.0,-100.0,4066.666666666667,-4041.666666666667,0.97,77042.30714061609
7731.7979453456455,1.8336883034764817,0.0,-4166.666666666667,0.0,0.0,-100.0,4066.666666666667,3690.1312786789786,0.97,87199.10508596172
15463.595890691291,1.8336883034764817,0.0,-4166.666666666667,0.0,0.0,-100.0,4066.666666666667,11421.929224024625,0.97,94930.90303130739
23195.393836036936,1.8336883034764817,0.0,-4166.666666666667,0.0,0.0,-100.0,4066.666666666667,19153.727169370268,0.97,102662.70097665302
30927.191781382582,1.8336883034764817,0.0,-4166.666666666667,0.0,0.0,-100.0,4066.666666666667,26885.525114715914,0.97,110394.49892199867
38658.98972672823,1.8336883034764817,0.0,-4166.666666666667,0.0,0.0,-100.0,4066.666666666667,34617.323060061564,0.97,118126.29686734432
46390.78767207387,1.8336883034764817,0.0,-4166.666666666667,0.0,0.0,-100.0,4066.666666666667,42349.12100540721,0.97,125858.09481268997
54122.58561741952,1.8336883034764817,0.0,-4166.666666666667,0.0,0.0,-100.0,4066.666666666667,50080.91895075286,0.97,133589.89275803562
61854.383562765164,1.8336883034764817,0.0,-4166.666666666667,0.0,0.0,-100.0,4066.666666666667,57812.7168960985,0.97,141321.69070338126
69586.1815081108,1.8336883034764817,0.0,-4166.666666666667,0.0,0.0,-100.0,4066.666666666667,65544.51484144414,0.97,149053.4886487269
77317.97945345646,1.8336883034764817,0.0,-4166.666666666667,0.0,0.0,-100.0,4066.666666666667,73276.31278678979,0.97,156785.28659407253
85049.7773988021,1.8336883034764817,0.0,-4166.666666666667,0.0,0.0,-100.0,4066.666666666667,81008.11073213544,0.97,164517.0845394182
92781.57534414774,1.8336883034764817,0.0,-4166.666666666667,0.0,0.0,-100.0,4066.666666666667,88739.90867748107,0.97,172248.88248476383
100513.3732894934,1.8336883034764817,0.0,-4166.666666666667,0.0,0.0,-100.0,4066.666666666667,96471.70662282672,0.97,179980.68043010947
108245.17123483904,1.8336883034764817,0.0,-4166.666666666667,0.0,0.0,-100.0,4066.666666666667,104203.50456817237,0.97,187712.47837545513
115976.96918018468,1.8336883034764817,0.0,-4166.666666666667,0.0,0.0,-100.0,4066.666666666667,111935.302513518,0.97,195444.2763208008
123708.76712553033,1.8336883034764817,0.0,-4166.666666666667,0.0,0.0,-100.0,4066.666666666667,119667.10045886366,0.97,203176.07426614643
131440.56507087598,1.8336883034764817,0.0,-4166.666666666667,0.0,0.0,-100.0,4066.666666666667,127398.8984042093,0.97,210907.8722114921
139172.3630162216,1.8336883034764817,0.0,-4166.666666666667,0.0,0.0,-100.0,4066.666666666667,135130.69634955496,0.97,218639.67015683773
146904.16096156728,1.8336883034764817,0.0,-4166.666666666667,0.0,0.0,-100.0,4066.666666666667,142862.49429490062,0.97,226371.46810218343
154635.9589069129,1.8336883034764817,0.0,-4166.666666666667,0.0,0.0,-100.0,4066.666666666667,150594.29224024626,0.97,234103.26604752906
162367.75685225855,1.8336883034764817,0.0,-4166.666666666667,0.0,0.0,-100.0,4066.666666666667,158326.0901855919,0.97,241835.0639928747
170099.5547976042,1.8336883034764817,0.0,-4166.666666666667,0.0,0.0,-100.0,4066.666666666667,166057.88813093756,0.97,249566.8619382204
177831.35274294985,1.8336883034764817,0.0,-4166.666666666667,0.0,0.0,-100.0,4066.666666666667,173789.6860762832,0.97,257298.65988356603
185563.1506882955,1.8336883034764817,0.0,-4166.666666666667,0.0,0.0,-100.0,4066.666666666667,181521.48402162883,0.97,265030.45782891166
193294.94863364115,1.8336883034764817,0.0,-4166.666666666667,0.0,0.0,-100.0,4066.666666666667,189253.2819669745,0.97,272762.2557742573
201026.7465789868,1.8336883034764817,0.0,-4166.666666666667,0.0,0.0,-100.0,4066.666666666667,196985.07991232013,0.97,280494.05371960293
208758.54452433242,1.8336883034764817,0.0,-4166.666666666667,0.0,0.0,-100.0,4066.666666666667,204716.87785766576,0.97,288225.85166494857
216490.3424696781,1.8336883034764817,0.0,-4166.666666666667,0.0,0.0,-100.0,4066.666666666667,212448.67580301143,0.97,295957.64961029426
224222.14041502372,1.8336883034764817,0.0,-4166.666666666667,0.0,0.0,-100.0,4066.666666666667,220180.47374835706,0.97,303689.4475556399
231953.93836036936,1.8336883034764817,0.0,-4166.666666666667,0.0,0.0,-100.0,4066.666666666667,227912.2716937027,0.97,311421.24550098553
239685.73630571502,1.8336883034764817,0.0,-4166.666666666667,0.0,0.0,-100.0,4066.666666666667,235644.06963904836,0.97,319153.04344633117
247417.53425106066,1.8336883034764817,0.0,-4166.666666666667,0.0,0.0,-100.0,4066.666666666667,243375.867584394,0.97,326884.8413916768
255149.3321964063,1.8336883034764817,0.0,-4166.666666666667,0.0,0.0,-100.0,4066.666666666667,251107.66552973964,0.97,334616.63933702244
262881.13014175196,1.8336883034764817,0.0,-4166.666666666667,0.0,0.0,-100.0,4066.666666666667,258839.4634750853,0.97,342348.4372823681
270612.9280870976,1.8336883034764817,0.0,-4166.666666666667,0.0,0.0,-100.0,4066.666666666667,266571.2614204309,0.97,350080.2352277137
-100100.0,2.5053902370943457,0.0,-4166.666666666667,0.0,0.0,-100.0,4066.666666666667,-104141.66666666667,0.97,-66080.19047357373
-97155.88235294117,2.5053902370943457,0.0,-4166.666666666667,0.0,0.0,-100.0,4066.666666666667,-101197.54901960785,0.97,-61369.60223827961
-94211.76470588235,2.5053902370943457,0.0,-4166.666666666667,0.0,0.0,-100.0,4066.666666666667,-98253.43137254902,0.97,-56659.01400298548
-91267.64705882352,2.5053902370943457,0.0,-4166.666666666667,0.0,0.0,-100.0,4066.666666666667,-95309.3137254902,0.97,-51948.425767691355
-88323.5294117647,2.5053902370943457,0.0,-4166.666666666667,0.0,0.0,-100.0,4066.666666666667,-92365.19607843137,0.97,-47237.83753239726
-85379.41176470589,2.5053902370943457,0.0,-4166.666666666667,0.0,0.0,-100.0,4066.666666666667,-89421.07843137256,0.97,-42527.24929710316
-82435.29411764706,2.5053902370943457,0.0,-4166.666666666667,0.0,0.0,-100.0,4066.666666666667,-86476.96078431373,0.97,-37816.661061809034
-79491.17647058824,2.5053902370943457,0.0,-4166.666666666667,0.0,0.0,-100.0,4066.666666666667,-83532.84313725491,0.97,-33106.072826514894
-76547.05882352941,2.5053902370943457,0.0,-4166.666666666667,0.0,0.0,-100.0,4066.666666666667,-80588.72549019608,0.97,-28395.484591220767
-73602.94117647059,2.5053902370943457,0.0,-4166.666666666667,0.0,0.0,-100.0,4066.666666666667,-77644.60784313726,0.97,-23684.89635592664
-70658.82352941176,2.5053902370943457,0.0,-4166.666666666667,0.0,0.0,-100.0,4066.666666666667,-74700.49019607843,0.97,-18974.308120632515
-67714.70588235294,2.5053902370943457,0.0,-4166.666666666667,0.0,0.0,-100.0,4066.666666666667,-71756.37254901961,0.97,-14263.719885338418
-64770.58823529412,2.5053902370943457,0.0,-4166.666666666667,0.0,0.0,-100.0,4066.666666666667,-68812.25490196078,0.97,-9553.131650044292
-61826.470588235294,2.5053902370943457,0.0,-4166.666666666667,0.0,0.0,-100.0,4066.666666666667,-65868.13725490196,0.97,-4842.5434147501655
-58882.35294117647,2.5053902370943457,0.0,-4166.666666666667,0.0,0.0,-100.0,4066.666666666667,-62924.01960784313,0.97,-131.95517945603933
-55938.23529411765,2.5053902370943457,0.0,-4166.666666666667,0.0,0.0,-100.0,4066.666666666667,-59979.901960784315,0.97,4578.633055838058
-52994.117647058825,2.5053902370943457,0.0,-4166.666666666667,0.0,0.0,-100.0,4066.666666666667,-57035.78431372549,0.97,9289.221291132184
-50050.0,2.5053902370943457,0.0,-4166.666666666667,0.0,0.0,-100.0,4066.666666666667,-54091.666666666664,0.97,13999.80952642631
-47105.882352941175,2.5053902370943457,0.0,-4166.666666666667,0.0,0.0,-100.0,4066.666666666667,-51147.54901960784,0.97,18710.397761720436
-44161.76470588235,2.5053902370943457,0.0,-4166.666666666667,0.0,0.0,-100.0,4066.666666666667,-48203.431372549014,0.97,23420.985997014563
-41217.64705882353,2.5053902370943457,0.0,-4166.666666666667,0.0,0.0,-100.0,4066.666666666667,-45259.313725490196,0.97,28131.57423230866
-38273.529411764706,2.5053902370943457,0.0,-4166.666666666667,0.0,0.0,-100.0,4066.666666666667,-42315.19607843137,0.97,32842.162467602786
-35329.41176470588,2.5053902370943457,0.0,-4166.666666666667,0.0,0.0,-100.0,4066.666666666667,-39371.078431372545,0.97,37552.7507028969
-32385.29411764706,2.5053902370943457,0.0,-4166.666666666667,0.0,0.0,-100.0,4066.666666666667,-36426.96078431373,0.97,42263.33893819101
-29441.176470588234,2.5053902370943457,0.0,-4166.666666666667,0.0,0.0,-100.0,4066.666666666667,-33482.8431372549,0.97,46973.92717348512
-26497.058823529413,2.5053902370943457,0.0,-4166.666666666667,0.0,0.0,-100.0,4066.666666666667,-30538.72549019608,0.97,51684.51540877923
-23552.941176470587,2.5053902370943457,0.0,-4166.666666666667,0.0,0.0,-100.0,4066.666666666667,-27594.607843137255,0.97,56395.10364407336
-20608.823529411766,2.5053902370943457,0.0,-4166.666666666667,0.0,0.0,-100.0,4066.666666666667,-24650.490196078434,0.97,61105.69187936747
-17664.70588235294,2.5053902370943457,0.0,-4166.666666666667,0.0,0.0,-100.0,4066.666666666667,-21706.37254901961,0.97,65816.2801146616
-14720.588235294117,2.5053902370943457,0.0,-4166.666666666667,0.0,0.0,-100.0,4066.666666666667,-18762.254901960783,0.97,70526.86834995571
-11776.470588235294,2.5053902370943457,0.0,-4166.666666666667,0.0,0.0,-100.0,4066.666666666667,-15818.137254901962,0.97,75237.45658524985
-8832.35294117647,2.5053902370943457,0.0,-4166.666666666667,0.0,0.0,-100.0,4066.666666666667,-12874.019607843136,0.97,79948.04482054396
-5888.235294117647,2.5053902370943457,0.0,-4166.666666666667,0.0,0.0,-100.0,4066.666666666667,-9929.901960784315,0.97,84658.63305583809
-2944.1176470588234,2.5053902370943457,0.0,-4166.666666666667,0.0,0.0,-100.0,4066.666666666667,-6985.78431372549,0.97,89369.2212911322
0.0,2.5053902370943457,0.0,-4166.666666666667,0.0,0.0,-100.0,4066.666666666667,-4041.666666666667,0.97,94079.80952642631
7731.7979453456455,2.5053902370943457,0.0,-4166.666666666667,0.0,0.0,-100.0,4066.666666666667,3690.1312786789786,0.97,104236.60747177196
15463.595890691291,2.5053902370943457,0.0,-4166.666666666667,0.0,0.0,-100.0,4066.666666666667,11421.929224024625,0.97,111968.40541711761
23195.393836036936,2.5053902370943457,0.0,-4166.666666666667,0.0,0.0,-100.0,4066.666666666667,19153.727169370268,0.97,119700.20336246325
30927.191781382582,2.5053902370943457,0.0,-4166.666666666667,0.0,0.0,-100.0,4066.666666666667,26885.525114715914,0.97,127432.0013078089
38658.98972672823,2.5053902370943457,0.0,-4166.666666666667,0.0,0.0,-100.0,4066.666666666667,34617.323060061564,0.97,135163.79925315455
46390.78767207387,2.5053902370943457,0.0,-4166.666666666667,0.0,0.0,-100.0,4066.666666666667,42349.12100540721,0.97,142895.59719850015
54122.58561741952,2.5053902370943457,0.0,-4166.666666666667,0.0,0.0,-100.0,4066.666666666667,50080.91895075286,0.97,150627.39514384582
61854.383562765164,2.5053902370943457,0.0,-4166.666666666667,0.0,0.0,-100.0,4066.666666666667,57812.7168960985,0.97,158359.19308919145
69586.1815081108,2.5053902370943457,0.0,-4166.666666666667,0.0,0.0,-100.0,4066.666666666667,65544.51484144414,0.97,166090.9910345371
77317.97945345646,2.5053902370943457,0.0,-4166.666666666667,0.0,0.0,-100.0,4066.666666666667,73276.31278678979,0.97,173822.78897988275
85049.7773988021,2.5053902370943457,0.0,-4166.666666666667,0.0,0.0,-100.0,4066.666666666667,81008.11073213544,0.97,181554.58692522842
92781.57534414774,2.5053902370943457,0.0,-4166.666666666667,0.0,0.0,-100.0,4066.666666666667,88739.90867748107,0.97,189286.38487057408
100513.3732894934,2.5053902370943457,0.0,-4166.666666666667,0.0,0.0,-100.0,4066.666666666667,96471.70662282672,0.97,197018.18281591972
108245.17123483904,2.5053902370943457,0.0,-4166.666666666667,0.0,0.0,-100.0,4066.666666666667,104203.50456817237,0.97,204749.98076126538
115976.96918018468,2.5053902370943457,0.0,-4166.666666666667,0.0,0.0,-100.0,4066.666666666667,111935.302513518,0.97,212481.77870661102
123708.76712553033,2.5053902370943457,0.0,-4166.666666666667,0.0,0.0,-100.0,4066.666666666667,119667.10045886366,0.97,220213.57665195665
131440.56507087598,2.5053902370943457,0.0,-4166.666666666667,0.0,0.0,-100.0,4066.666666666667,127398.8984042093,0.97,227945.37459730232
139172.3630162216,2.5053902370943457,0.0,-4166.666666666667,0.0,0.0,-100.0,4066.666666666667,135130.69634955496,0.97,235677.17254264795
146904.16096156728,2.5053902370943457,0.0,-4166.666666666667,0.0,0.0,-100.0,4066.666666666667,142862.49429490062,0.97,243408.97048799362
154635.9589069129,2.5053902370943457,0.0,-4166.666666666667,0.0,0.0,-100.0,4066.666666666667,150594.29224024626,0.97,251140.76843333925
162367.75685225855,2.5053902370943457,0.0,-4166.666666666667,0.0,0.0,-100.0,4066.666666666667,158326.0901855919,0.97,258872.5663786849
170099.5547976042,2.5053902370943457,0.0,-4166.666666666667,0.0,0.0,-100.0,4066.666666666667,166057.88813093756,0.97,266604.3643240306
177831.35274294985,2.5053902370943457,0.0,-4166.666666666667,0.0,0.0,-100.0,4066.666666666667,173789.6860762832,0.97,274336.1622693762
185563.1506882955,2.5053902370943457,0.0,-4166.666666666667,0.0,0.0,-100.0,4066.666666666667,181521.48402162883,0.97,282067.96021472185
193294.94863364115,2.5053902370943457,0.0,-4166.666666666667,0.0,0.0,-100.0,4066.666666666667,189253.2819669745,0.97,289799.7581600676
201026.7465789868,2.5053902370943457,0.0,-4166.666666666667,0.0,0.0,-100.0,4066.666666666667,196985.07991232013,0.97,297531.55610541324
208758.54452433242,2.5053902370943457,0.0,-4166.666666666667,0.0,0.0,-100.0,4066.666666666667,204716.87785766576,0.97,305263.3540507589
216490.3424696781,2.5053902370943457,0.0,-4166.666666666667,0.0,0.0,-100.0,4066.666666666667,212448.67580301143,0.97,312995.1519961045
224222.14041502372,2.5053902370943457,0.0,-4166.666666666667,0.0,0.0,-100.0,4066.666666666667,220180.47374835706,0.97,320726.94994145015
231953.93836036936,2.5053902370943457,0.0,-4166.666666666667,0.0,0.0,-100.0,4066.666666666667,227912.2716937027,0.97,328458.7478867958
239685.73630571502,2.5053902370943457,0.0,-4166.666666666667,0.0,0.0,-100.0,4066.666666666667,235644.06963904836,0.97,336190.5458321414
247417.53425106066,2.5053902370943457,0.0,-4166.666666666667,0.0,0.0,-100.0,4066.666666666667,243375.867584394,0.97,343922.34377748705
255149.3321964063,2.5053902370943457,0.0,-4166.666666666667,0.0,0.0,-100.0,4066.666666666667,251107.66552973964,0.97,351654.1417228327
262881.13014175196,2.5053902370943457,0.0,-4166.666666666667,0.0,0.0,-100.0,4066.666666666667,258839.4634750853,0.97,359385.9396681783
270612.9280870976,2.5053902370943457,0.0,-4166.666666666667,0.0,0.0,-100.0,4066.666666666667,266571.2614204309,0.97,367117.73761352396
-100100.0,3.718281828459045,48979.5918367347,48000.0,3173.450297049556,10007.187016264224,4036.3039667225457,4036.3039667225457,-102985.19183673471,0.9603,-2796.1767744031094
-97155.88235294117,3.718281828459045,48979.5918367347,48000.0,3173.450297049556,10007.187016264224,4036.3039667225457,4036.3039667225457,-100041.07418967588,0.9603,1914.4114608910168
-94211.76470588235,3.718281828459045,48979.5918367347,48000.0,3173.450297049556,10007.187016264224,4036.3039667225457,4036.3039667225457,-97096.95654261706,0.9603,6624.999696185143
-91267.64705882352,3.718281828459045,48979.5918367347,48000.0,3173.450297049556,10007.187016264224,4036.3039667225457,4036.3039667225457,-94152.83889555823,0.9603,11335.58793147927
-88323.5294117647,3.718281828459045,48979.5918367347,48000.0,3173.450297049556,10007.187016264224,4036.3039667225457,4036.3039667225457,-91208.72124849941,0.9603,16046.176166773395
-85379.41176470589,3.718281828459045,48979.5918367347,48000.0,3173.450297049556,10007.187016264224,4036.3039667225457,4036.3039667225457,-88264.60360144058,0.9603,20756.764402067492
-82435.29411764706,3.718281828459045,48979.5918367347,48000.0,3173.450297049556,10007.187016264224,4036.3039667225457,4036.3039667225457,-85320.48595438176,0.9603,25467.352637361633
-79491.17647058824,3.718281828459045,48979.5918367347,48000.0,3173.450297049556,10007.187016264224,4036.3039667225457,4036.3039667225457,-82376.36830732293,0.9603,30177.940872655745
-76547.05882352941,3.718281828459045,48979.5918367347,48000.0,3173.450297049556,10007.187016264224,4036.3039667225457,4036.3039667225457,-79432.25066026411,0.9603,34888.52910794987
-73602.94117647059,3.718281828459045,48979.5918367347,48000.0,3173.450297049556,10007.187016264224,4036.3039667225457,4036.3039667225457,-76488.13301320528,0.9603,39599.11734324398
-70658.82352941176,3.718281828459045,48979.5918367347,48000.0,3173.450297049556,10007.187016264224,4036.3039667225457,4036.3039667225457,-73544.01536614646,0.9603,44309.70557853811
-67714.70588235294,3.718281828459045,48979.5918367347,48000.0,3173.450297049556,10007.187016264224,4036.3039667225457,4036.3039667225457,-70599.89771908763,0.9603,49020.29381383222
-64770.58823529412,3.718281828459045,48979.5918367347,48000.0,3173.450297049556,10007.187016264224,4036.3039667225457,4036.3039667225457,-67655.7800720288,0.9603,53730.88204912635
-61826.470588235294,3.718281828459045,48979.5918367347,48000.0,3173.450297049556,10007.187016264224,4036.3039667225457,4036.3039667225457,-64711.66242496999,0.9603,58441.47028442046
-58882.35294117647,3.718281828459045,48979.5918367347,48000.0,3173.450297049556,10007.187016264224,4036.3039667225457,4036.3039667225457,-61767.544777911164,0.9603,63152.05851971457
-55938.23529411765,3.718281828459045,48979.5918367347,48000.0,3173.450297049556,10007.187016264224,4036.3039667225457,4036.3039667225457,-58823.42713085235,0.9603,67862.64675500867
-52994.117647058825,3.718281828459045,48979.5918367347,48000.0,3173.450297049556,10007.187016264224,4036.3039667225457,4036.3039667225457,-55879.30948379353,0.9603,72573.2349903028
-50050.0,3.718281828459045,48979.5918367347,48000.0,3173.450297049556,10007.187016264224,4036.3039667225457,4036.3039667225457,-52935.1918367347,0.9603,77283.82322559692
-47105.882352941175,3.718281828459045,48979.5918367347,48000.0,3173.450297049556,10007.187016264224,4036.3039667225457,4036.3039667225457,-49991.07418967588,0.9603,81994.41146089103
-44161.76470588235,3.718281828459045,48979.5918367347,48000.0,3173.450297049556,10007.187016264224,4036.3039667225457,4036.3039667225457,-47046.95654261705,0.9603,86704.99969618516
-41217.64705882353,3.718281828459045,48979.5918367347,48000.0,3173.450297049556,10007.187016264224,4036.3039667225457,4036.3039667225457,-44102.83889555823,0.9603,91415.58793147928
-38273.529411764706,3.718281828459045,48979.5918367347,48000.0,3173.450297049556,10007.187016264224,4036.3039667225457,4036.3039667225457,-41158.7212484994,0.9603,96126.1761667734
-35329.41176470588,3.718281828459045,48979.5918367347,48000.0,3173.450297049556,10007.187016264224,4036.3039667225457,4036.3039667225457,-38214.603601440576,0.9603,100836.76440206754
-32385.29411764706,3.718281828459045,48979.5918367347,48000.0,3173.450297049556,10007.187016264224,4036.3039667225457,4036.3039667225457,-35270.48595438175,0.9603,105547.35263736166
-29441.176470588234,3.718281828459045,48979.5918367347,48000.0,3173.450297049556,10007.187016264224,4036.3039667225457,4036.3039667225457,-32326.368307322926,0.9603,110257.94087265577
-26497.058823529413,3.718281828459045,48979.5918367347,48000.0,3173.450297049556,10007.187016264224,4036.3039667225457,4036.3039667225457,-29382.2506602641,0.9603,114968.5291079499
-23552.941176470587,3.718281828459045,48979.5918367347,48000.0,3173.450297049556,10007.187016264224,4036.3039667225457,4036.3039667225457,-26438.133013205275,0.9603,119679.11734324401
-20608.823529411766,3.718281828459045,48979.5918367347,48000.0,3173.450297049556,10007.187016264224,4036.3039667225457,4036.3039667225457,-23494.015366146465,0.9603,124389.70557853812
-17664.70588235294,3.718281828459045,48979.5918367347,48000.0,3173.450297049556,10007.187016264224,4036.3039667225457,4036.3039667225457,-20549.89771908764,0.9603,129100.29381383224
-14720.588235294117,3.718281828459045,48979.5918367347,48000.0,3173.450297049556,10007.187016264224,4036.3039667225457,4036.3039667225457,-17605.780072028814,0.9603,133810.88204912638
-11776.470588235294,3.718281828459045,48979.5918367347,48000.0,3173.450297049556,10007.187016264224,4036.3039667225457,4036.3039667225457,-14661.662424969989,0.9603,138521.4702844205
-8832.35294117647,3.718281828459045,48979.5918367347,48000.0,3173.450297049556,10007.187016264224,4036.3039667225457,4036.3039667225457,-11717.544777911164,0.9603,143232.05851971463
-5888.235294117647,3.718281828459045,48979.5918367347,48000.0,3173.450297049556,10007.187016264224,4036.3039667225457,4036.3039667225457,-8773.427130852338,0.9603,147942.64675500875
-2944.1176470588234,3.718281828459045,48979.5918367347,48000.0,3173.450297049556,10007.187016264224,4036.3039667225457,4036.3039667225457,-5829.3094837935205,0.9603,152653.23499030285
0.0,3.718281828459045,48979.5918367347,48000.0,3173.450297049556,10007.187016264224,4036.3039667225457,4036.3039667225457,-2885.1918367346952,0.9603,157363.82322559698
7731.7979453456455,3.718281828459045,48979.5918367347,48000.0,3173.450297049556,10007.187016264224,4036.3039667225457,4036.3039667225457,4846.606108610948,0.9603,166826.73627298343
15463.595890691291,3.718281828459045,44897.95918367347,36000.0,2983.417359129411,9407.935422254675,3788.6133078652656,11788.613307865264,5214.036707017825,0.9624555555555556,175129.04036004076
23195.393836036936,3.718281828459045,44897.95918367347,36000.0,2983.417359129411,9407.935422254675,3788.6133078652656,11788.613307865264,12945.834652363468,0.9624555555555556,182860.8383053864
30927.191781382582,3.718281828459045,67346.9387755102,44000.0,3978.157768309949,12544.758871659214,5085.167000285808,27085.167000285815,6046.853005872377,0.96515,191356.08499262834
38658.98972672823,3.718281828459045,67346.9387755102,44000.0,3978.157768309949,12544.758871659214,5085.167000285808,27085.167000285815,13778.65095121802,0.96515,199087.88293797395
46390.78767207387,3.718281828459045,67346.9387755102,44000.0,3978.157768309949,12544.758871659214,5085.167000285808,27085.167000285815,21510.448896563663,0.96515,206819.68088331958
54122.58561741952,3.718281828459045,67346.9387755102,44000.0,3978.157768309949,12544.758871659214,5085.167000285808,27085.167000285815,29242.246841909313,0.96515,214551.47882866522
61854.383562765164,3.718281828459045,67346.9387755102,44000.0,3978.157768309949,12544.758871659214,5085.167000285808,27085.167000285815,36974.044787254956,0.96515,222283.27677401085
69586.1815081108,3.718281828459045,67346.9387755102,44000.0,3978.157768309949,12544.758871659214,5085.167000285808,27085.167000285815,44705.8427326006,0.96515,230015.0747193565
77317.97945345646,3.718281828459045,67346.9387755102,44000.0,3978.157768309949,12544.758871659214,5085.167000285808,27085.167000285815,52437.64067794625,0.96515,237746.87266470215
85049.7773988021,3.718281828459045,67346.9387755102,44000.0,3978.157768309949,12544.758871659214,5085.167000285808,27085.167000285815,60169.4386232919,0.96515,245478.67061004782
92781.57534414774,3.718281828459045,67346.9387755102,44000.0,3978.157768309949,12544.758871659214,5085.167000285808,27085.167000285815,67901.23656863754,0.96515,253210.46855539345
100513.3732894934,3.718281828459045,67346.9387755102,44000.0,3978.157768309949,12544.758871659214,5085.167000285808,27085.167000285815,75633.03451398318,0.96515,260942.26650073906
108245.17123483904,3.718281828459045,67346.9387755102,44000.0,3978.157768309949,12544.758871659214,5085.167000285808,27085.167000285815,83364.83245932884,0.96515,268674.0644460847
115976.96918018468,3.718281828459045,67346.9387755102,44000.0,3978.157768309949,12544.758871659214,5085.167000285808,27085.167000285815,91096.63040467448,0.96515,276405.86239143036
123708.76712553033,3.718281828459045,67346.9387755102,44000.0,3978.157768309949,12544.758871659214,5085.167000285808,27085.167000285815,98828.42835002011,0.96515,284137.660336776
131440.56507087598,3.718281828459045,67346.9387755102,44000.0,3978.157768309949,12544.758871659214,5085.167000285808,27085.167000285815,106560.22629536578,0.96515,291869.45828212163
139172.3630162216,3.718281828459045,67346.9387755102,44000.0,3978.157768309949,12544.758871659214,5085.167000285808,27085.167000285815,114292.02424071141,0.96515,299601.25622746727
146904.16096156728,3.718281828459045,67346.9387755102,44000.0,3978.157768309949,12544.758871659214,5085.167000285808,27085.167000285815,122023.82218605708,0.96515,307333.05417281296
154635.9589069129,3.718281828459045,67346.9387755102,44000.0,3978.157768309949,12544.758871659214,5085.167000285808,27085.167000285815,129755.62013140271,0.96515,315064.8521181586
162367.75685225855,3.718281828459045,67346.9387755102,44000.0,3978.157768309949,12544.758871659214,5085.167000285808,27085.167000285815,137487.41807674835,0.96515,322796.65006350423
170099.5547976042,3.718281828459045,67346.9387755102,44000.0,3978.157768309949,12544.758871659214,5085.167000285808,27085.167000285815,145219.216022094,0.96515,330528.44800884987
177831.35274294985,3.718281828459045,67346.9387755102,44000.0,3978.157768309949,12544.758871659214,5085.167000285808,27085.167000285815,152951.01396743965,0.96515,338260.2459541955
185563.1506882955,3.718281828459045,67346.9387755102,44000.0,3978.157768309949,12544.758871659214,5085.167000285808,27085.167000285815,160682.81191278528,0.96515,345992.04389954114
193294.94863364115,3.718281828459045,67346.9387755102,44000.0,3978.157768309949,12544.758871659214,5085.167000285808,27085.167000285815,168414.60985813095,0.96515,353723.8418448868
201026.7465789868,3.718281828459045,67346.9387755102,44000.0,3978.157768309949,12544.758871659214,5085.167000285808,27085.167000285815,176146.40780347658,0.96515,361455.6397902324
208758.54452433242,3.718281828459045,67346.9387755102,44000.0,3978.157768309949,12544.758871659214,5085.167000285808,27085.167000285815,183878.20574882222,0.96515,369187.43773557805
216490.3424696781,3.718281828459045,67346.9387755102,44000.0,3978.157768309949,12544.758871659214,5085.167000285808,27085.167000285815,191610.00369416788,0.96515,376919.2356809237
224222.14041502372,3.718281828459045,67346.9387755102,44000.0,3978.157768309949,12544.758871659214,5085.167000285808,27085.167000285815,199341.80163951352,0.96515,384651.0336262693
231953.93836036936,3.718281828459045,67346.9387755102,44000.0,3978.157768309949,12544.758871659214,5085.167000285808,27085.167000285815,207073.59958485916,0.96515,392382.83157161495
239685.73630571502,3.718281828459045,67346.9387755102,44000.0,3978.157768309949,12544.758871659214,5085.167000285808,27085.167000285815,214805.39753020482,0.96515,400114.6295169606
247417.53425106066,3.718281828459045,67346.9387755102,44000.0,3978.157768309949,12544.758871659214,5085.167000285808,27085.167000285815,222537.19547555046,0.96515,407846.4274623062
255149.3321964063,3.718281828459045,67346.9387755102,44000.0,3978.157768309949,12544.758871659214,5085.167000285808,27085.167000285815,230268.9934208961,0.96515,415578.22540765186
262881.13014175196,3.718281828459045,67346.9387755102,44000.0,3978.157768309949,12544.758871659214,5085.167000285808,27085.167000285815,238000.79136624176,0.96515,423310.0233529975
270612.9280870976,3.718281828459045,67346.9387755102,44000.0,3978.157768309949,12544.758871659214,5085.167000285808,27085.167000285815,245732.5893115874,0.96515,431041.82129834313
-100100.0,5.908399109318498,69387.75510204081,100000.0,12458.960027081737,39288.19781267252,16139.121762571309,-15860.878237428697,-73768.15510204084,0.9571959999999999,234993.86871241377
-97155.88235294117,5.908399109318498,69387.75510204081,100000.0,12458.960027081737,39288.19781267252,16139.121762571309,-15860.878237428697,-70824.03745498198,0.9571959999999999,239704.45694770792
-94211.76470588235,5.908399109318498,69387.75510204081,100000.0,12458.960027081737,39288.19781267252,16139.121762571309,-15860.878237428697,-67879.91980792319,0.9571959999999999,244415.04518300202
-91267.64705882352,5.908399109318498,69387.75510204081,100000.0,12458.960027081737,39288.19781267252,16139.121762571309,-15860.878237428697,-64935.80216086433,0.9571959999999999,249125.63341829617
-88323.5294117647,5.908399109318498,69387.75510204081,100000.0,12458.960027081737,39288.19781267252,16139.121762571309,-15860.878237428697,-61991.684513805536,0.9571959999999999,253836.22165359027
-85379.41176470589,5.908399109318498,69387.75510204081,100000.0,12458.960027081737,39288.19781267252,16139.121762571309,-15860.878237428697,-59047.56686674671,0.9571959999999999,258546.80988888437
-82435.29411764706,5.908399109318498,69387.75510204081,100000.0,12458.960027081737,39288.19781267252,16139.121762571309,-15860.878237428697,-56103.449219687885,0.9571959999999999,263257.3981241785
-79491.17647058824,5.908399109318498,69387.75510204081,100000.0,12458.960027081737,39288.19781267252,16139.121762571309,-15860.878237428697,-53159.33157262906,0.9571959999999999,267967.9863594726
-76547.05882352941,5.908399109318498,69387.75510204081,100000.0,12458.960027081737,39288.19781267252,16139.121762571309,-15860.878237428697,-50215.213925570235,0.9571959999999999,272678.5745947667
-73602.94117647059,5.908399109318498,69387.75510204081,100000.0,12458.960027081737,39288.19781267252,16139.121762571309,-15860.878237428697,-47271.09627851141,0.9571959999999999,277389.1628300609
-70658.82352941176,5.908399109318498,69387.75510204081,100000.0,12458.960027081737,39288.19781267252,16139.121762571309,-15860.878237428697,-44326.978631452585,0.9571959999999999,282099.75106535497
-67714.70588235294,5.908399109318498,69387.75510204081,100000.0,12458.960027081737,39288.19781267252,16139.121762571309,-15860.878237428697,-41382.86098439376,0.9571959999999999,286810.3393006491
-64770.58823529412,5.908399109318498,69387.75510204081,100000.0,12458.960027081737,39288.19781267252,16139.121762571309,-15860.878237428697,-38438.743337334934,0.9571959999999999,291520.9275359432
-61826.470588235294,5.908399109318498,69387.75510204081,100000.0,12458.960027081737,39288.19781267252,16139.121762571309,-15860.878237428697,-35494.62569027611,0.9571959999999999,296231.5157712373
-58882.35294117647,5.908399109318498,69387.75510204081,100000.0,12458.960027081737,39288.19781267252,16139.121762571309,-15860.878237428697,-32550.508043217284,0.9571959999999999,300942.1040065315
-55938.23529411765,5.908399109318498,69387.75510204081,100000.0,12458.960027081737,39288.19781267252,16139.121762571309,-15860.878237428697,-29606.390396158473,0.9571959999999999,305652.69224182557
-52994.117647058825,5.908399109318498,69387.75510204081,100000.0,12458.960027081737,39288.19781267252,16139.121762571309,-15860.878237428697,-26662.272749099648,0.9571959999999999,310363.28047711967
-50050.0,5.908399109318498,69387.75510204081,100000.0,12458.960027081737,39288.19781267252,16139.121762571309,-15860.878237428697,-23718.155102040822,0.9571959999999999,315073.8687124138
-47105.882352941175,5.908399109318498,69387.75510204081,100000.0,12458.960027081737,39288.19781267252,16139.121762571309,-15860.878237428697,-20774.037454981997,0.9571959999999999,319784.4569477079
-44161.76470588235,5.908399109318498,69387.75510204081,100000.0,12458.960027081737,39288.19781267252,16139.121762571309,-15860.878237428697,-17829.919807923172,0.9571959999999999,324495.045183002
-41217.64705882353,5.908399109318498,69387.75510204081,100000.0,12458.960027081737,39288.19781267252,16139.121762571309,-15860.878237428697,-14885.802160864361,0.9571959999999999,329205.6334182961
-38273.529411764706,5.908399109318498,69387.75510204081,100000.0,12458.960027081737,39288.19781267252,16139.121762571309,-15860.878237428697,-11941.684513805536,0.9571959999999999,333916.22165359027
-35329.41176470588,5.908399109318498,69387.75510204081,100000.0,12458.960027081737,39288.19781267252,16139.121762571309,-15860.878237428697,-8997.56686674671,0.9571959999999999,338626.80988888437
-32385.29411764706,5.908399109318498,69387.75510204081,100000.0,12458.960027081737,39288.19781267252,16139.121762571309,-15860.878237428697,-6053.4492196878855,0.9571959999999999,343337.3981241785
-29441.176470588234,5.908399109318498,69387.75510204081,100000.0,12458.960027081737,39288.19781267252,16139.121762571309,-15860.878237428697,-3109.3315726290602,0.9571959999999999,348047.9863594726
-26497.058823529413,5.908399109318498,69387.75510204081,100000.0,12458.960027081737,39288.19781267252,16139.121762571309,-15860.878237428697,-165.213925570235,0.9571959999999999,352758.5745947667
-23552.941176470587,5.908399109318498,67346.9387755102,92000.0,12197.781258060711,38464.594308089174,15798.698980676858,-10201.301019323146,-2804.4799519808003,0.9575586956521739,357318.1301052464
-20608.823529411766,5.908399109318498,67346.9387755102,92000.0,12197.781258060711,38464.594308089174,15798.698980676858,-10201.301019323146,139.637695078025,0.9575586956521739,361944.9357234937
-17664.70588235294,5.908399109318498,79591.83673469388,100000.0,13733.094582996462,43306.06530433544,17799.84032579198,-4200.159674208015,-1439.9426170468214,0.958166,365963.9928659251
-14720.588235294117,5.908399109318498,79591.83673469388,100000.0,13733.094582996462,43306.06530433544,17799.84032579198,-4200.159674208015,1504.1750300120038,0.958166,369772.076083212
-11776.470588235294,5.908399109318498,83673.4693877551,96000.0,14229.252046965135,44870.65276173664,18446.536474851142,4446.536474851135,-3396.93997599039,0.9588854166666667,374319.69383109146
-8832.35294117647,5.908399109318498,83673.4693877551,96000.0,14229.252046965135,44870.65276173664,18446.536474851142,4446.536474851135,-452.82232893157925,0.9588854166666667,379030.28206638555
-5888.235294117647,5.908399109318498,83673.4693877551,96000.0,14229.252046965135,44870.65276173664,18446.536474851142,4446.536474851135,2491.295318127246,0.9588854166666667,382246.0931108033
-2944.1176470588234,5.908399109318498,93877.55102040817,100000.0,15440.006321588016,48688.656298189475,20024.64460325165,12024.644603251654,-869.2686674669967,0.9595239999999999,385876.2846866875
0.0,5.908399109318498,93877.55102040817,100000.0,15440.006321588016,48688.656298189475,20024.64460325165,12024.644603251654,2074.8489795918285,0.9595239999999999,389341.9635342265
7731.7979453456455,5.908399109318498,89795.91836734694,88000.0,14960.532126677055,47176.67801310094,19399.693578748385,19399.69357874838,2442.2795779987064,0.9602999999999999,397970.3337723948
15463.595890691291,5.908399109318498,89795.91836734694,88000.0,14960.532126677055,47176.67801310094,19399.693578748385,19399.69357874838,10174.077523344342,0.9602999999999999,405702.13171774044
23195.393836036936,5.908399109318498,100000.0,84000.0,16148.03860822781,50921.37174753656,20947.500322315114,34947.500322315114,3996.3938360369357,0.9619166666666666,414239.77586419764
30927.191781382582,5.908399109318498,100000.0,84000.0,16148.03860822781,50921.37174753656,20947.500322315114,34947.500322315114,11728.191781382586,0.9619166666666666,421971.5738095433
38658.98972672823,5.908399109318498,100000.0,84000.0,16148.03860822781,50921.37174753656,20947.500322315114,34947.500322315114,19459.98972672823,0.9619166666666666,429703.37175488897
46390.78767207387,5.908399109318498,100000.0,84000.0,16148.03860822781,50921.37174753656,20947.500322315114,34947.500322315114,27191.78767207387,0.9619166666666666,437435.16970023455
54122.58561741952,5.908399109318498,100000.0,84000.0,16148.03860822781,50921.37174753656,20947.500322315114,34947.500322315114,34923.58561741952,0.9619166666666666,445166.9676455802
61854.383562765164,5.908399109318498,100000.0,84000.0,16148.03860822781,50921.37174753656,20947.500322315114,34947.500322315114,42655.383562765164,0.9619166666666666,452898.7655909258
69586.1815081108,5.908399109318498,100000.0,84000.0,16148.03860822781,50921.37174753656,20947.500322315114,34947.500322315114,50387.18150811081,0.9619166666666666,460630.56353627145
77317.97945345646,5.908399109318498,100000.0,84000.0,16148.03860822781,50921.37174753656,20947.500322315114,34947.500322315114,58118.97945345646,0.9619166666666666,468362.3614816171
85049.7773988021,5.908399109318498,100000.0,84000.0,16148.03860822781,50921.37174753656,20947.500322315114,34947.500322315114,65850.7773988021,0.9619166666666666,476094.1594269627
92781.57534414774,5.908399109318498,100000.0,84000.0,16148.03860822781,50921.37174753656,20947.500322315114,34947.500322315114,73582.57534414774,0.9619166666666666,483825.95737230836
100513.3732894934,5.908399109318498,100000.0,84000.0,16148.03860822781,50921.37174753656,20947.500322315114,34947.500322315114,81314.3732894934,0.9619166666666666,491557.755317654
108245.17123483904,5.908399109318498,100000.0,84000.0,16148.03860822781,50921.37174753656,20947.500322315114,34947.500322315114,89046.17123483904,0.9619166666666666,499289.55326299963
115976.96918018468,5.908399109318498,100000.0,84000.0,16148.03860822781,50921.37174753656,20947.500322315114,34947.500322315114,96777.96918018468,0.9619166666666666,507021.35120834527
123708.76712553033,5.908399109318498,100000.0,84000.0,16148.03860822781,50921.37174753656,20947.500322315114,34947.500322315114,104509.76712553033,0.9619166666666666,514753.1491536909
131440.56507087598,5.908399109318498,100000.0,84000.0,16148.03860822781,50921.37174753656,20947.500322315114,34947.500322315114,112241.56507087598,0.9619166666666666,522484.94709903654
139172.3630162216,5.908399109318498,100000.0,84000.0,16148.03860822781,50921.37174753656,20947.500322315114,34947.500322315114,119973.36301622161,0.9619166666666666,530216.7450443822
146904.16096156728,5.908399109318498,100000.0,84000.0,16148.03860822781,50921.37174753656,20947.500322315114,34947.500322315114,127705.16096156728,0.9619166666666666,537948.5429897278
154635.9589069129,5.908399109318498,100000.0,84000.0,16148.03860822781,50921.37174753656,20947.500322315114,34947.500322315114,135436.9589069129,0.9619166666666666,545680.3409350734
162367.75685225855,5.908399109318498,100000.0,84000.0,16148.03860822781,50921.37174753656,20947.500322315114,34947.500322315114,143168.75685225855,0.9619166666666666,553412.1388804191
170099.5547976042,5.908399109318498,100000.0,84000.0,16148.03860822781,50921.37174753656,20947.500322315114,34947.500322315114,150900.5547976042,0.9619166666666666,561143.9368257647
177831.35274294985,5.908399109318498,100000.0,84000.0,16148.03860822781,50921.37174753656,20947.500322315114,34947.500322315114,158632.35274294985,0.9619166666666666,568875.7347711104
185563.1506882955,5.908399109318498,100000.0,84000.0,16148.03860822781,50921.37174753656,20947.500322315114,34947.500322315114,166364.1506882955,0.9619166666666666,576607.532716456
193294.94863364115,5.908399109318498,100000.0,84000.0,16148.03860822781,50921.37174753656,20947.500322315114,34947.500322315114,174095.94863364115,0.9619166666666666,584339.3306618016
201026.7465789868,5.908399109318498,100000.0,84000.0,16148.03860822781,50921.37174753656,20947.500322315114,34947.500322315114,181827.7465789868,0.9619166666666666,592071.1286071473
208758.54452433242,5.908399109318498,100000.0,84000.0,16148.03860822781,50921.37174753656,20947.500322315114,34947.500322315114,189559.54452433242,0.9619166666666666,599802.9265524929
216490.3424696781,5.908399109318498,100000.0,84000.0,16148.03860822781,50921.37174753656,20947.500322315114,34947.500322315114,197291.3424696781,0.9619166666666666,607534.7244978385
224222.14041502372,5.908399109318498,100000.0,84000.0,16148.03860822781,50921.37174753656,20947.500322315114,34947.500322315114,205023.14041502372,0.9619166666666666,615266.5224431842
231953.93836036936,5.908399109318498,100000.0,84000.0,16148.03860822781,50921.37174753656,20947.500322315114,34947.500322315114,212754.93836036936,0.9619166666666666,622998.3203885298
239685.73630571502,5.908399109318498,100000.0,84000.0,16148.03860822781,50921.37174753656,20947.500322315114,34947.500322315114,220486.73630571502,0.9619166666666666,630730.1183338754
247417.53425106066,5.908399109318498,100000.0,84000.0,16148.03860822781,50921.37174753656,20947.500322315114,34947.500322315114,228218.53425106066,0.9619166666666666,638461.9162792211
255149.3321964063,5.908399109318498,100000.0,84000.0,16148.03860822781,50921.37174753656,20947.500322315114,34947.500322315114,235950.3321964063,0.9619166666666666,646193.7142245667
262881.13014175196,5.908399109318498,100000.0,84000.0,16148.03860822781,50921.37174753656,20947.500322315114,34947.500322315114,243682.13014175196,0.9619166666666666,653925.5121699125
270612.9280870976,5.908399109318498,100000.0,84000.0,16148.03860822781,50921.37174753656,20947.500322315114,34947.500322315114,251413.9280870976,0.9619166666666666,661657.3101152581
-100100.0,9.863091959091031,57142.857142857145,100000.0,37501.81376013529,118258.56043679027,48780.20498053998,4780.204980539973,-61639.65714285716,0.956032,755126.6472596469
-97155.88235294117,9.863091959091031,57142.857142857145,100000.0,37501.81376013529,118258.56043679027,48780.20498053998,4780.204980539973,-58695.53949579831,0.956032,759837.2354949411
-94211.76470588235,9.863091959091031,57142.857142857145,100000.0,37501.81376013529,118258.56043679027,48780.20498053998,4780.204980539973,-55751.42184873951,0.956032,764547.8237302352
-91267.64705882352,9.863091959091031,57142.857142857145,100000.0,37501.81376013529,118258.56043679027,48780.20498053998,4780.204980539973,-52807.30420168066,0.956032,769258.4119655293
-88323.5294117647,9.863091959091031,57142.857142857145,100000.0,37501.81376013529,118258.56043679027,48780.20498053998,4780.204980539973,-49863.18655462186,0.956032,773969.0002008234
-85379.41176470589,9.863091959091031,57142.857142857145,100000.0,37501.81376013529,118258.56043679027,48780.20498053998,4780.204980539973,-46919.068907563036,0.956032,778679.5884361175
-82435.29411764706,9.863091959091031,57142.857142857145,100000.0,37501.81376013529,118258.56043679027,48780.20498053998,4780.204980539973,-43974.95126050421,0.956032,783390.1766714116
-79491.17647058824,9.863091959091031,57142.857142857145,100000.0,37501.81376013529,118258.56043679027,48780.20498053998,4780.204980539973,-41030.833613445386,0.956032,788100.7649067058
-76547.05882352941,9.863091959091031,57142.857142857145,100000.0,37501.81376013529,118258.56043679027,48780.20498053998,4780.204980539973,-38086.71596638656,0.956032,792811.3531419998
-73602.94117647059,9.863091959091031,57142.857142857145,100000.0,37501.81376013529,118258.56043679027,48780.20498053998,4780.204980539973,-35142.598319327735,0.956032,797521.941377294
-70658.82352941176,9.863091959091031,57142.857142857145,100000.0,37501.81376013529,118258.56043679027,48780.20498053998,4780.204980539973,-32198.48067226891,0.956032,802232.5296125881
-67714.70588235294,9.863091959091031,57142.857142857145,100000.0,37501.81376013529,118258.56043679027,48780.20498053998,4780.204980539973,-29254.363025210085,0.956032,806943.1178478822
-64770.58823529412,9.863091959091031,57142.857142857145,100000.0,37501.81376013529,118258.56043679027,48780.20498053998,4780.204980539973,-26310.24537815126,0.956032,811653.7060831763
-61826.470588235294,9.863091959091031,57142.857142857145,100000.0,37501.81376013529,118258.56043679027,48780.20498053998,4780.204980539973,-23366.127731092434,0.956032,816364.2943184704
-58882.35294117647,9.863091959091031,57142.857142857145,100000.0,37501.81376013529,118258.56043679027,48780.20498053998,4780.204980539973,-20422.01008403361,0.956032,821074.8825537646
-55938.23529411765,9.863091959091031,57142.857142857145,100000.0,37501.81376013529,118258.56043679027,48780.20498053998,4780.204980539973,-17477.8924369748,0.956032,825785.4707890586
-52994.117647058825,9.863091959091031,57142.857142857145,100000.0,37501.81376013529,118258.56043679027,48780.20498053998,4780.204980539973,-14533.774789915973,0.956032,830496.0590243528
-50050.0,9.863091959091031,57142.857142857145,100000.0,37501.81376013529,118258.56043679027,48780.20498053998,4780.204980539973,-11589.657142857148,0.956032,835206.6472596469
-47105.882352941175,9.863091959091031,57142.857142857145,100000.0,37501.81376013529,118258.56043679027,48780.20498053998,4780.204980539973,-8645.539495798323,0.956032,839917.235494941
-44161.76470588235,9.863091959091031,57142.857142857145,100000.0,37501.81376013529,118258.56043679027,48780.20498053998,4780.204980539973,-5701.421848739497,0.956032,844627.8237302351
-41217.64705882353,9.863091959091031,57142.857142857145,100000.0,37501.81376013529,118258.56043679027,48780.20498053998,4780.204980539973,-2757.3042016806867,0.956032,849338.4119655292
-38273.529411764706,9.863091959091031,57142.857142857145,100000.0,37501.81376013529,118258.56043679027,48780.20498053998,4780.204980539973,186.81344537813857,0.956032,853936.9121335965
-35329.41176470588,9.863091959091031,71428.57142857143,100000.0,43936.668218937775,138550.2889858549,57167.45278082002,27167.452780820022,-11018.983193277323,0.95739,858191.5466346763
-32385.29411764706,9.863091959091031,71428.57142857143,100000.0,43936.668218937775,138550.2889858549,57167.45278082002,27167.452780820022,-8074.865546218498,0.95739,862902.1348699704
-29441.176470588234,9.863091959091031,71428.57142857143,100000.0,43936.668218937775,138550.2889858549,57167.45278082002,27167.452780820022,-5130.747899159673,0.95739,867612.7231052645
-26497.058823529413,9.863091959091031,71428.57142857143,100000.0,43936.668218937775,138550.2889858549,57167.45278082002,27167.452780820022,-2186.6302521008474,0.95739,872323.3113405586
-23552.941176470587,9.863091959091031,71428.57142857143,100000.0,43936.668218937775,138550.2889858549,57167.45278082002,27167.452780820022,757.4873949579778,0.95739,876579.407138878
-20608.823529411766,9.863091959091031,81632.6530612245,100000.0,48303.95553822457,152322.13252110587,62859.81477539043,42859.814775390434,-6405.476590636259,0.95836,880296.0697052678
-17664.70588235294,9.863091959091031,81632.6530612245,100000.0,48303.95553822457,152322.13252110587,62859.81477539043,42859.814775390434,-3461.358943577434,0.95836,885006.6579405619
-14720.588235294117,9.863091959091031,81632.6530612245,100000.0,48303.95553822457,152322.13252110587,62859.81477539043,42859.814775390434,-517.2412965186086,0.95836,889717.246175856
-11776.470588235294,9.863091959091031,81632.6530612245,100000.0,48303.95553822457,152322.13252110587,62859.81477539043,42859.814775390434,2426.876350540202,0.95836,892971.708600826
-8832.35294117647,9.863091959091031,91836.73469387754,100000.0,52515.134975292385,165601.70404140494,68348.70433711405,58348.70433711403,-4736.08763505402,0.95933,897544.661025564
-5888.235294117647,9.863091959091031,91836.73469387754,100000.0,52515.134975292385,165601.70404140494,68348.70433711405,58348.70433711403,-1791.969987995195,0.95933,902255.249260858
-2944.1176470588234,9.863091959091031,91836.73469387754,100000.0,52515.134975292385,165601.70404140494,68348.70433711405,58348.70433711403,1152.1476590636303,0.95933,906274.548900714
0.0,9.863091959091031,97959.1836734694,100000.0,54976.34184530173,173362.89615990032,71556.66374609213,67556.66374609212,-1967.9836734693963,0.959912,909489.2464238525
7731.7979453456455,9.863091959091031,100000.0,96000.0,55786.727739011214,175918.3744042683,72612.92808709756,74612.92808709756,-60.00205465435283,0.9605020833333333,919921.0710960015
15463.595890691291,9.863091959091031,100000.0,96000.0,55786.727739011214,175918.3744042683,72612.92808709756,74612.92808709756,7671.795890691283,0.9605020833333333,927688.8702741398
23195.393836036936,9.863091959091031,100000.0,80000.0,55786.727739011214,175918.3744042683,72612.92808709756,90612.92808709756,193.99383603692695,0.9624824999999999,935467.3539838088
30927.191781382582,9.863091959091031,100000.0,80000.0,55786.727739011214,175918.3744042683,72612.92808709756,90612.92808709756,7925.791781382577,0.9624824999999999,943199.1519291544
38658.98972672823,9.863091959091031,100000.0,80000.0,55786.727739011214,175918.3744042683,72612.92808709756,90612.92808709756,15657.58972672822,0.9624824999999999,950930.9498745
46390.78767207387,9.863091959091031,100000.0,80000.0,55786.727739011214,175918.3744042683,72612.92808709756,90612.92808709756,23389.387672073863,0.9624824999999999,958662.7478198458
54122.58561741952,9.863091959091031,100000.0,80000.0,55786.727739011214,175918.3744042683,72612.92808709756,90612.92808709756,31121.185617419513,0.9624824999999999,966394.5457651913
61854.383562765164,9.863091959091031,100000.0,80000.0,55786.727739011214,175918.3744042683,72612.92808709756,90612.92808709756,38852.983562765156,0.9624824999999999,974126.343710537
69586.1815081108,9.863091959091031,97959.1836734694,32000.0,54976.34184530173,173362.89615990032,71556.66374609213,135556.66374609212,2666.9978346414136,0.97,982039.4407456163
77317.97945345646,9.863091959091031,97959.1836734694,32000.0,54976.34184530173,173362.89615990032,71556.66374609213,135556.66374609212,10398.795779987064,0.97,989771.2386909621
85049.7773988021,9.863091959091031,97959.1836734694,32000.0,54976.34184530173,173362.89615990032,71556.66374609213,135556.66374609212,18130.593725332714,0.97,997503.0366363076
92781.57534414774,9.863091959091031,100000.0,12000.0,55786.727739011214,175918.3744042683,72612.92808709756,158612.92808709756,4421.575344147743,0.97,1.0058435596356594e6
100513.3732894934,9.863091959091031,100000.0,12000.0,55786.727739011214,175918.3744042683,72612.92808709756,158612.92808709756,12153.373289493393,0.97,1.013575357581005e6
108245.17123483904,9.863091959091031,100000.0,12000.0,55786.727739011214,175918.3744042683,72612.92808709756,158612.92808709756,19885.171234839043,0.97,1.0213071555263506e6
115976.96918018468,9.863091959091031,100000.0,12000.0,55786.727739011214,175918.3744042683,72612.92808709756,158612.92808709756,27616.96918018468,0.97,1.0290389534716962e6
123708.76712553033,9.863091959091031,100000.0,12000.0,55786.727739011214,175918.3744042683,72612.92808709756,158612.92808709756,35348.76712553033,0.97,1.0367707514170419e6
131440.56507087598,9.863091959091031,100000.0,12000.0,55786.727739011214,175918.3744042683,72612.92808709756,158612.92808709756,43080.56507087598,0.97,1.0445025493623876e6
139172.3630162216,9.863091959091031,100000.0,12000.0,55786.727739011214,175918.3744042683,72612.92808709756,158612.92808709756,50812.363016221614,0.97,1.0522343473077333e6
146904.16096156728,9.863091959091031,100000.0,12000.0,55786.727739011214,175918.3744042683,72612.92808709756,158612.92808709756,58544.16096156728,0.97,1.059966145253079e6
154635.9589069129,9.863091959091031,100000.0,12000.0,55786.727739011214,175918.3744042683,72612.92808709756,158612.92808709756,66275.95890691291,0.97,1.0676979431984245e6
162367.75685225855,9.863091959091031,100000.0,12000.0,55786.727739011214,175918.3744042683,72612.92808709756,158612.92808709756,74007.75685225855,0.97,1.07542974114377e6
170099.5547976042,9.863091959091031,100000.0,12000.0,55786.727739011214,175918.3744042683,72612.92808709756,158612.92808709756,81739.55479760421,0.97,1.0831615390891158e6
177831.35274294985,9.863091959091031,100000.0,12000.0,55786.727739011214,175918.3744042683,72612.92808709756,158612.92808709756,89471.35274294985,0.97,1.0908933370344616e6
185563.1506882955,9.863091959091031,100000.0,12000.0,55786.727739011214,175918.3744042683,72612.92808709756,158612.92808709756,97203.15068829549,0.97,1.0986251349798073e6
193294.94863364115,9.863091959091031,100000.0,12000.0,55786.727739011214,175918.3744042683,72612.92808709756,158612.92808709756,104934.94863364115,0.97,1.106356932925153e6
201026.7465789868,9.863091959091031,100000.0,12000.0,55786.727739011214,175918.3744042683,72612.92808709756,158612.92808709756,112666.74657898679,0.97,1.1140887308704988e6
208758.54452433242,9.863091959091031,100000.0,12000.0,55786.727739011214,175918.3744042683,72612.92808709756,158612.92808709756,120398.54452433242,0.97,1.1218205288158446e6
216490.3424696781,9.863091959091031,100000.0,12000.0,55786.727739011214,175918.3744042683,72612.92808709756,158612.92808709756,128130.34246967809,0.97,1.1295523267611903e6
224222.14041502372,9.863091959091031,100000.0,12000.0,55786.727739011214,175918.3744042683,72612.92808709756,158612.92808709756,135862.14041502372,0.97,1.137284124706536e6
231953.93836036936,9.863091959091031,100000.0,12000.0,55786.727739011214,175918.3744042683,72612.92808709756,158612.92808709756,143593.93836036936,0.97,1.1450159226518818e6
239685.73630571502,9.863091959091031,100000.0,12000.0,55786.727739011214,175918.3744042683,72612.92808709756,158612.92808709756,151325.73630571502,0.97,1.1527477205972276e6
247417.53425106066,9.863091959091031,100000.0,12000.0,55786.727739011214,175918.3744042683,72612.92808709756,158612.92808709756,159057.53425106066,0.97,1.1604795185425733e6
255149.3321964063,9.863091959091031,100000.0,12000.0,55786.727739011214,175918.3744042683,72612.92808709756,158612.92808709756,166789.3321964063,0.97,1.168211316487919e6
262881.13014175196,9.863091959091031,100000.0,12000.0,55786.727739011214,175918.3744042683,72612.92808709756,158612.92808709756,174521.13014175196,0.97,1.1759431144332648e6
270612.9280870976,9.863091959091031,100000.0,12000.0,55786.727739011214,175918.3744042683,72612.92808709756,158612.92808709756,182252.9280870976,0.97,1.1836749123786103e6
